index,mid,display_name,Living room,Work place(kantoor),Classroom,Work Shop,Kitchen,Bathroom,Bedroom,Gym,Trainstation,On public transport,Airfield,On water,Public place,In car,on Bicycle,Concert,Farm,Nature,Park
0,/m/09x0r,Speech,,,,,,,,,,,,,,,,,,,
1,/m/05zppz,"Male speech, man speaking",,,,,,,,,,,,,,,,,,,
2,/m/02zsn,"Female speech, woman speaking",,,,,,,,,,,,,,,,,,,
3,/m/0ytgt,"Child speech, kid speaking",,,,,,,,,,,,,,,,,,,
4,/m/01h8n0,Conversation,,,,,,,,,,,,,,,,,,,
5,/m/02qldy,"Narration, monologue",,,,,,,,,,,,,,,,,,,
6,/m/0261r1,Babbling,,,,,,,,,,,,,,,,,,,
7,/m/0brhx,Speech synthesizer,,,,,,,,,,,,,,,,,,,
8,/m/07p6fty,Shout,,,,,,,,,,,,,,,,,,,
9,/m/07q4ntr,Bellow,,,,,,,,,,,,,,,,,,,
10,/m/07rwj3x,Whoop,,,,,,,,,,,,,,,,,,,
11,/m/07sr1lc,Yell,,,,,,,,,,,,,,,,,,,
12,/m/04gy_2,Battle cry,,,,,,,,,,,,,,,,,,,
13,/t/dd00135,Children shouting,,,,,,,,,,,,,,,,,,,
14,/m/03qc9zr,Screaming,,,,,,,,,,,,,,,,,,,
15,/m/02rtxlg,Whispering,,,,,,,,,,,,,,,,,,,
16,/m/01j3sz,Laughter,,,,,,,,,,,,,,,,,,,
17,/t/dd00001,Baby laughter,,,,,,,,,,,,,,,,,,,
18,/m/07r660_,Giggle,,,,,,,,,,,,,,,,,,,
19,/m/07s04w4,Snicker,,,,,,,,,,,,,,,,,,,
20,/m/07sq110,Belly laugh,,,,,,,,,,,,,,,,,,,
21,/m/07rgt08,"Chuckle, chortle",,,,,,,,,,,,,,,,,,,
22,/m/0463cq4,"Crying, sobbing",,,,,,,,,,,,,,,,,,,
23,/t/dd00002,"Baby cry, infant cry",,,,,,,,,,,,,,,,,,,
24,/m/07qz6j3,Whimper,,,,,,,,,,,,,,,,,,,
25,/m/07qw_06,"Wail, moan",,,,,,,,,,,,,,,,,,,
26,/m/07plz5l,Sigh,,,,,,,,,,,,,,,,,,,
27,/m/015lz1,Singing,0,0,0,0,0,0,0,0,0,0,0,0,0,0,0,1,0,0,0
28,/m/0l14jd,Choir,0,0,0,0,0,0,0,0,0,0,0,0,0,0,0,1,0,0,0
29,/m/01swy6,Yodeling,,,,,,,,,,,,,,,,,,,
30,/m/02bk07,Chant,,,,,,,,,,,,,,,,,,,
31,/m/01c194,Mantra,,,,,,,,,,,,,,,,,,,
32,/t/dd00003,Male singing,0,0,0,0,0,0,0,0,0,0,0,0,0,0,0,1,0,0,0
33,/t/dd00004,Female singing,0,0,0,0,0,0,0,0,0,0,0,0,0,0,0,1,0,0,0
34,/t/dd00005,Child singing,0,0,0,0,0,0,0,0,0,0,0,0,0,0,0,1,0,0,0
35,/t/dd00006,Synthetic singing,0,0,0,0,0,0,0,0,0,0,0,0,0,0,0,1,0,0,0
36,/m/06bxc,Rapping,0,0,0,0,0,0,0,0,0,0,0,0,0,0,0,1,0,0,0
37,/m/02fxyj,Humming,,,,,,,,,,,,,,,,,,,
38,/m/07s2xch,Groan,,,,,,,,,,,,,,,,,,,
39,/m/07r4k75,Grunt,,,,,,,,,,,,,,,,,,,
40,/m/01w250,Whistling,,,,,,,,,,,,,,,,,,,
41,/m/0lyf6,Breathing,,,,,,,,,,,,,,,,,,,
42,/m/07mzm6,Wheeze,,,,,,,,,,,,,,,,,,,
43,/m/01d3sd,Snoring,0,0,0,0,0,0,1,0,0,0,0,0,0,0,0,0,0,0,0
44,/m/07s0dtb,Gasp,,,,,,,,,,,,,,,,,,,
45,/m/07pyy8b,Pant,,,,,,,,,,,,,,,,,,,
46,/m/07q0yl5,Snort,,,,,,,,,,,,,,,,,,,
47,/m/01b_21,Cough,,,,,,,,,,,,,,,,,,,
48,/m/0dl9sf8,Throat clearing,,,,,,,,,,,,,,,,,,,
49,/m/01hsr_,Sneeze,,,,,,,,,,,,,,,,,,,
50,/m/07ppn3j,Sniff,,,,,,,,,,,,,,,,,,,
51,/m/06h7j,Run,,,,,,,,,,,,,,,,,,,
52,/m/07qv_x_,Shuffle,,,,,,,,,,,,,,,,,,,
53,/m/07pbtc8,"Walk, footsteps",,,,,,,,,,,,,,,,,,,
54,/m/03cczk,"Chewing, mastication",1,0,0,0,1,0,0,0,0,0,0,0,0,0,0,0,0,0,0
55,/m/07pdhp0,Biting,1,0,0,0,1,0,0,0,0,0,0,0,0,0,0,0,0,0,0
56,/m/0939n_,Gargling,0,0,0,0,1,0,0,0,0,0,0,0,0,0,0,0,0,0,0
57,/m/01g90h,Stomach rumble,,,,,,,,,,,,,,,,,,,
58,/m/03q5_w,"Burping, eructation",,,,,,,,,,,,,,,,,,,
59,/m/02p3nc,Hiccup,,,,,,,,,,,,,,,,,,,
60,/m/02_nn,Fart,,,,,,,,,,,,,,,,,,,
61,/m/0k65p,Hands,,,,,,,,,,,,,,,,,,,
62,/m/025_jnm,Finger snapping,,,,,,,,,,,,,,,,,,,
63,/m/0l15bq,Clapping,0,0,0,0,0,0,0,0,0,0,0,0,0,0,0,1,0,0,0
64,/m/01jg02,"Heart sounds, heartbeat",,,,,,,,,,,,,,,,,,,
65,/m/01jg1z,Heart murmur,,,,,,,,,,,,,,,,,,,
66,/m/053hz1,Cheering,0,0,0,0,0,0,0,0,0,0,0,0,0,0,0,1,0,0,0
67,/m/028ght,Applause,0,0,0,0,0,0,0,0,0,0,0,0,0,0,0,1,0,0,0
68,/m/07rkbfh,Chatter,0,1,1,0,0,0,0,1,1,1,1,0,1,0,0,1,0,0,1
69,/m/03qtwd,Crowd,0,1,1,0,0,0,0,1,1,1,1,0,1,0,0,1,0,0,1
70,/m/07qfr4h,"Hubbub, speech noise, speech babble",0,1,1,0,0,0,0,1,1,1,1,0,1,0,0,1,0,0,1
71,/t/dd00013,Children playing,1,0,0,0,0,0,0,0,0,0,0,0,0,0,0,0,0,0,1
72,/m/0jbk,Animal,0,0,0,0,0,0,0,0,0,0,0,0,0,0,0,0,1,1,1
73,/m/068hy,"Domestic animals, pets",1,0,0,0,1,0,0,0,0,0,0,0,1,0,0,0,0,1,1
74,/m/0bt9lr,Dog,1,0,0,0,1,0,0,0,0,0,0,0,1,0,0,0,0,1,1
75,/m/05tny_,Bark,1,0,0,0,1,0,0,0,0,0,0,0,1,0,0,0,0,1,1
76,/m/07r_k2n,Yip,1,0,0,0,1,0,0,0,0,0,0,0,1,0,0,0,0,1,1
77,/m/07qf0zm,Howl,1,0,0,0,1,0,0,0,0,0,0,0,1,0,0,0,0,1,1
78,/m/07rc7d9,Bow-wow,1,0,0,0,1,0,0,0,0,0,0,0,1,0,0,0,0,1,1
79,/m/0ghcn6,Growling,1,0,0,0,1,0,0,0,0,0,0,0,1,0,0,0,0,1,1
80,/t/dd00136,Whimper (dog),1,0,0,0,1,0,0,0,0,0,0,0,1,0,0,0,0,1,1
81,/m/01yrx,Cat,1,0,0,0,1,0,0,0,0,0,0,0,1,0,0,0,0,1,1
82,/m/02yds9,Purr,1,0,0,0,1,0,0,0,0,0,0,0,1,0,0,0,0,1,1
83,/m/07qrkrw,Meow,1,0,0,0,1,0,0,0,0,0,0,0,1,0,0,0,0,1,1
84,/m/07rjwbb,Hiss,1,0,0,0,1,0,0,0,0,0,0,0,1,0,0,0,0,1,1
85,/m/07r81j2,Caterwaul,1,0,0,0,1,0,0,0,0,0,0,0,1,0,0,0,0,1,1
86,/m/0ch8v,"Livestock, farm animals, working animals",0,0,0,0,0,0,0,0,0,0,0,0,0,0,0,0,1,0,0
87,/m/03k3r,Horse,0,0,0,0,0,0,0,0,0,0,0,0,0,0,0,0,1,1,
88,/m/07rv9rh,Clip-clop,0,,,,,,,,,,,,,,,,1,1,
89,/m/07q5rw0,"Neigh, whinny",0,,,,,,,,,,,,,,,,1,1,
90,/m/01xq0k1,"Cattle, bovinae",0,,,,,,,,,,,,,,,,1,,
91,/m/07rpkh9,Moo,0,,,,,,,,,,,,,,,,1,,
92,/m/0239kh,Cowbell,0,,,,,,,,,,,,,,,,1,,
93,/m/068zj,Pig,0,,,,,,,,,,,,,,,,1,,
94,/t/dd00018,Oink,0,,,,,,,,,,,,,,,,1,,
95,/m/03fwl,Goat,0,,,,,,,,,,,,,,,,1,,
96,/m/07q0h5t,Bleat,0,,,,,,,,,,,,,,,,1,,
97,/m/07bgp,Sheep,0,,,,,,,,,,,,,,,,1,,
98,/m/025rv6n,Fowl,0,,,,,,,,,,,,,,,,1,,
99,/m/09b5t,"Chicken, rooster",0,,,,,,,,,,,,,,,,1,,
100,/m/07st89h,Cluck,0,,,,,,,,,,,,,,,,1,,
101,/m/07qn5dc,"Crowing, cock-a-doodle-doo",0,,,,,,,,,,,,,,,,1,,
102,/m/01rd7k,Turkey,0,,,,,,,,,,,,,,,,1,,
103,/m/07svc2k,Gobble,0,,,,,,,,,,,,,,,,1,,
104,/m/09ddx,Duck,0,,,,,,,,,,,,,,,,1,1,1
105,/m/07qdb04,Quack,0,,,,,,,,,,,,,,,,1,1,1
106,/m/0dbvp,Goose,0,,,,,,,,,,,,,,,,1,1,1
107,/m/07qwf61,Honk,0,,,,,,,,,,,,,,,,,1,
108,/m/01280g,Wild animals,0,,,,,,,,,,,,,,,,,1,
109,/m/0cdnk,"Roaring cats (lions, tigers)",0,,,,,,,,,,,,,,,,,1,
110,/m/04cvmfc,Roar,0,,,,,,,,,,,,,,,,,1,
111,/m/015p6,Bird,0,,,,,,,,,,,,,,,,,1,1
112,/m/020bb7,"Bird vocalization, bird call, bird song",0,,,,,,,,,,,,,,,,,1,1
113,/m/07pggtn,"Chirp, tweet",0,,,,,,,,,,,,,,,,,1,1
114,/m/07sx8x_,Squawk,0,,,,,,,,,,,,,,,,,1,1
115,/m/0h0rv,"Pigeon, dove",0,,,,,,,,1,,,,1,,,,,1,1
116,/m/07r_25d,Coo,0,,,,,,,,,,,,,,,,,1,1
117,/m/04s8yn,Crow,0,,,,,,,,,,,,,,,,,1,1
118,/m/07r5c2p,Caw,0,,,,,,,,,,,,,,,,,,
119,/m/09d5_,Owl,0,,,,,,,,,,,,,,,,,1,
120,/m/07r_80w,Hoot,0,,,,,,,,,,,,,,,,,1,
121,/m/05_wcq,"Bird flight, flapping wings",0,,,,,,,,1,,,,1,,,,,1,1
122,/m/01z5f,"Canidae, dogs, wolves",0,,,,,,,,,,,,,,,,,1,
123,/m/06hps,"Rodents, rats, mice",0,,,,,,,,,,,,1,,,,1,1,
124,/m/04rmv,Mouse,0,,,,,,,,,,,,,,,,,1,
125,/m/07r4gkf,Patter,0,,,,,,,,,,,,,,,,,,
126,/m/03vt0,Insect,0,,,,,,,,,,,,,,,,,,
127,/m/09xqv,Cricket,0,,,,,,,,,,,,,,,,,,
128,/m/09f96,Mosquito,1,,,,1,,1,,,,,,,,,,,1,
129,/m/0h2mp,"Fly, housefly",1,,,,1,,1,,,,,,,,,,1,1,1
130,/m/07pjwq1,Buzz,1,,,,1,,1,,,,,,,,,,1,1,1
131,/m/01h3n,"Bee, wasp, etc.",0,,,,,,,,,,,,,,,,1,1,1
132,/m/09ld4,Frog,0,,,,,,,,,,,,,,,,1,1,1
133,/m/07st88b,Croak,0,,,,,,,,,,,,,,,,1,1,
134,/m/078jl,Snake,0,,,,,,,,,,,,,,,,,1,
135,/m/07qn4z3,Rattle,0,,,,,,,,,,,,,,,,,1,
136,/m/032n05,Whale vocalization,0,,,,,,,,,,,1,,,,,,1,
137,/m/04rlf,Music,1,1,,,,,,1,,,,,,,,1,,,
138,/m/04szw,Musical instrument,,,,,,,,,,,,,,,,1,,,
139,/m/0fx80y,Plucked string instrument,,,,,,,,,,,,,,,,1,,,
140,/m/0342h,Guitar,,,,,,,,,,,,,,,,1,,,
141,/m/02sgy,Electric guitar,,,,,,,,,,,,,,,,1,,,
142,/m/018vs,Bass guitar,,,,,,,,,,,,,,,,1,,,
143,/m/042v_gx,Acoustic guitar,,,,,,,,,,,,,,,,1,,,
144,/m/06w87,"Steel guitar, slide guitar",,,,,,,,,,,,,,,,1,,,
145,/m/01glhc,Tapping (guitar technique),,,,,,,,,,,,,,,,1,,,
146,/m/07s0s5r,Strum,,,,,,,,,,,,,,,,1,,,
147,/m/018j2,Banjo,,,,,,,,,,,,,,,,1,,,
148,/m/0jtg0,Sitar,,,,,,,,,,,,,,,,1,,,
149,/m/04rzd,Mandolin,,,,,,,,,,,,,,,,1,,,
150,/m/01bns_,Zither,,,,,,,,,,,,,,,,1,,,
151,/m/07xzm,Ukulele,,,,,,,,,,,,,,,,1,,,
152,/m/05148p4,Keyboard (musical),,,,,,,,,,,,,,,,1,,,
153,/m/05r5c,Piano,,,,,,,,,1,,,,,,,1,,,
154,/m/01s0ps,Electric piano,,,,,,,,,,,,,,,,1,,,
155,/m/013y1f,Organ,,,,,,,,,,,,,,,,1,,,
156,/m/03xq_f,Electronic organ,,,,,,,,,,,,,,,,1,,,
157,/m/03gvt,Hammond organ,,,,,,,,,,,,,,,,1,,,
158,/m/0l14qv,Synthesizer,,,,,,,,,,,,,,,,1,,,
159,/m/01v1d8,Sampler,,,,,,,,,,,,,,,,1,,,
160,/m/03q5t,Harpsichord,,,,,,,,,,,,,,,,1,,,
161,/m/0l14md,Percussion,,,,,,,,,,,,,,,,1,,,
162,/m/02hnl,Drum kit,,,,,,,,,,,,,,,,1,,,
163,/m/0cfdd,Drum machine,,,,,,,,,,,,,,,,1,,,
164,/m/026t6,Drum,,,,,,,,,,,,,,,,1,,,
165,/m/06rvn,Snare drum,,,,,,,,,,,,,,,,1,,,
166,/m/03t3fj,Rimshot,,,,,,,,,,,,,,,,1,,,
167,/m/02k_mr,Drum roll,,,,,,,,,,,,,,,,1,,,
168,/m/0bm02,Bass drum,,,,,,,,,,,,,,,,1,,,
169,/m/011k_j,Timpani,,,,,,,,,,,,,,,,1,,,
170,/m/01p970,Tabla,,,,,,,,,,,,,,,,1,,,
171,/m/01qbl,Cymbal,,,,,,,,,,,,,,,,1,,,
172,/m/03qtq,Hi-hat,,,,,,,,,,,,,,,,1,,,
173,/m/01sm1g,Wood block,,,,,,,,,,,,,,,,1,,,
174,/m/07brj,Tambourine,,,,,,,,,,,,,,,,1,,,
175,/m/05r5wn,Rattle (instrument),,,,,,,,,,,,,,,,1,,,
176,/m/0xzly,Maraca,,,,,,,,,,,,,,,,1,,,
177,/m/0mbct,Gong,,,,,,,,,,,,,,,,1,,,
178,/m/016622,Tubular bells,,,,,,,,,,,,,,,,1,,,
179,/m/0j45pbj,Mallet percussion,,,,,,,,,,,,,,,,1,,,
180,/m/0dwsp,"Marimba, xylophone",,,,,,,,,,,,,,,,1,,,
181,/m/0dwtp,Glockenspiel,,,,,,,,,,,,,,,,1,,,
182,/m/0dwt5,Vibraphone,,,,,,,,,,,,,,,,1,,,
183,/m/0l156b,Steelpan,,,,,,,,,,,,,,,,1,,,
184,/m/05pd6,Orchestra,,,,,,,,,,,,,,,,1,,,
185,/m/01kcd,Brass instrument,,,,,,,,,,,,,,,,1,,,
186,/m/0319l,French horn,,,,,,,,,,,,,,,,1,,,
187,/m/07gql,Trumpet,,,,,,,,,,,,,,,,1,,,
188,/m/07c6l,Trombone,,,,,,,,,,,,,,,,1,,,
189,/m/0l14_3,Bowed string instrument,,,,,,,,,,,,,,,,1,,,
190,/m/02qmj0d,String section,,,,,,,,,,,,,,,,1,,,
191,/m/07y_7,"Violin, fiddle",,,,,,,,,,,,,,,,1,,,
192,/m/0d8_n,Pizzicato,,,,,,,,,,,,,,,,1,,,
193,/m/01xqw,Cello,,,,,,,,,,,,,,,,1,,,
194,/m/02fsn,Double bass,,,,,,,,,,,,,,,,1,,,
195,/m/085jw,"Wind instrument, woodwind instrument",,,,,,,,,,,,,,,,1,,,
196,/m/0l14j_,Flute,,,,,,,,,,,,,,,,1,,,
197,/m/06ncr,Saxophone,,,,,,,,,,,,,,,,1,,,
198,/m/01wy6,Clarinet,,,,,,,,,,,,,,,,1,,,
199,/m/03m5k,Harp,,,,,,,,,,,,,,,,1,,,
200,/m/0395lw,Bell,,,,,,,,,,,,,,,,1,,,
201,/m/03w41f,Church bell,,,,,,,,,,,,,,,,1,,,
202,/m/027m70_,Jingle bell,,,,,,,,,,,,,,,,1,,,
203,/m/0gy1t2s,Bicycle bell,,,,,,,,,,,,,,,1,,,,
204,/m/07n_g,Tuning fork,,,,,,,,,,,,,,,,1,,,
205,/m/0f8s22,Chime,,,,,,,,,,,,,,,,,,,1
206,/m/026fgl,Wind chime,,,,,,,,,,,,,,,,,,,1
207,/m/0150b9,Change ringing (campanology),,,,,,,,,,,,,1,,,0,,,1
208,/m/03qjg,Harmonica,,,,,,,,,,,,,1,,,1,,,
209,/m/0mkg,Accordion,,,,,,,,,,,,,1,,,1,,,
210,/m/0192l,Bagpipes,,,,,,,,,,,,,,,,1,,,
211,/m/02bxd,Didgeridoo,,,,,,,,,,,,,,,,1,,,
212,/m/0l14l2,Shofar,,,,,,,,,,,,,,,,1,,,
213,/m/07kc_,Theremin,,,,,,,,,,,,,,,,1,,,
214,/m/0l14t7,Singing bowl,,,,,,,,,,,,,,,,1,,,
215,/m/01hgjl,Scratching (performance technique),,,,,,,,,,,,,,,,1,,,
216,/m/064t9,Pop music,,,,,,,,,,,,,,,,1,,,
217,/m/0glt670,Hip hop music,,,,,,,,,,,,,,,,1,,,
218,/m/02cz_7,Beatboxing,,,,,,,,,,,,,,,,1,,,
219,/m/06by7,Rock music,,,,,,,,,,,,,,,,1,,,
220,/m/03lty,Heavy metal,,,,,,,,,,,,,,,,1,,,
221,/m/05r6t,Punk rock,,,,,,,,,,,,,,,,1,,,
222,/m/0dls3,Grunge,,,,,,,,,,,,,,,,1,,,
223,/m/0dl5d,Progressive rock,,,,,,,,,,,,,,,,1,,,
224,/m/07sbbz2,Rock and roll,,,,,,,,,,,,,,,,1,,,
225,/m/05w3f,Psychedelic rock,,,,,,,,,,,,,,,,1,,,
226,/m/06j6l,Rhythm and blues,,,,,,,,,,,,,,,,1,,,
227,/m/0gywn,Soul music,,,,,,,,,,,,,,,,1,,,
228,/m/06cqb,Reggae,,,,,,,,,,,,,,,,1,,,
229,/m/01lyv,Country,,,,,,,,,,,,,,,,1,,,
230,/m/015y_n,Swing music,,,,,,,,,,,,,,,,1,,,
231,/m/0gg8l,Bluegrass,,,,,,,,,,,,,,,,1,,,
232,/m/02x8m,Funk,,,,,,,,,,,,,,,,1,,,
233,/m/02w4v,Folk music,,,,,,,,,,,,,,,,1,,,
234,/m/06j64v,Middle Eastern music,,,,,,,,,,,,,,,,1,,,
235,/m/03_d0,Jazz,,,,,,,,,,,,,,,,1,,,
236,/m/026z9,Disco,,,,,,,,,,,,,,,,1,,,
237,/m/0ggq0m,Classical music,,,,,,,,,,,,,,,,1,,,
238,/m/05lls,Opera,,,,,,,,,,,,,,,,1,,,
239,/m/02lkt,Electronic music,,,,,,,,,,,,,,,,1,,,
240,/m/03mb9,House music,,,,,,,,,,,,,,,,1,,,
241,/m/07gxw,Techno,,,,,,,,,,,,,,,,1,,,
242,/m/07s72n,Dubstep,,,,,,,,,,,,,,,,1,,,
243,/m/0283d,Drum and bass,,,,,,,,,,,,,,,,1,,,
244,/m/0m0jc,Electronica,,,,,,,,,,,,,,,,1,,,
245,/m/08cyft,Electronic dance music,,,,,,,,,,,,,,,,1,,,
246,/m/0fd3y,Ambient music,,,,,,,,,,,,,,,,1,,,
247,/m/07lnk,Trance music,,,,,,,,,,,,,,,,1,,,
248,/m/0g293,Music of Latin America,,,,,,,,,,,,,,,,1,,,
249,/m/0ln16,Salsa music,,,,,,,,,,,,,,,,1,,,
250,/m/0326g,Flamenco,,,,,,,,,,,,,,,,1,,,
251,/m/0155w,Blues,,,,,,,,,,,,,,,,1,,,
252,/m/05fw6t,Music for children,,,,,,,,,,,,,,,,1,,,
253,/m/02v2lh,New-age music,,,,,,,,,,,,,,,,1,,,
254,/m/0y4f8,Vocal music,,,,,,,,,,,,,,,,1,,,
255,/m/0z9c,A capella,,,,,,,,,,,,,,,,1,,,
256,/m/0164x2,Music of Africa,,,,,,,,,,,,,,,,1,,,
257,/m/0145m,Afrobeat,,,,,,,,,,,,,,,,1,,,
258,/m/02mscn,Christian music,,,,,,,,,,,,,,,,1,,,
259,/m/016cjb,Gospel music,,,,,,,,,,,,,,,,1,,,
260,/m/028sqc,Music of Asia,,,,,,,,,,,,,,,,1,,,
261,/m/015vgc,Carnatic music,,,,,,,,,,,,,,,,1,,,
262,/m/0dq0md,Music of Bollywood,,,,,,,,,,,,,,,,1,,,
263,/m/06rqw,Ska,,,,,,,,,,,,,,,,1,,,
264,/m/02p0sh1,Traditional music,,,,,,,,,,,,,,,,1,,,
265,/m/05rwpb,Independent music,,,,,,,,,,,,,,,,1,,,
266,/m/074ft,Song,,,,,,,,,,,,,,,,1,,,
267,/m/025td0t,Background music,1,1,,1,,,,1,,,,,,1,,1,,,
268,/m/02cjck,Theme music,1,,,,,,,,,,,,,1,,,,,
269,/m/03r5q_,Jingle (music),1,,,,,,,,,,,,,1,,,,,
270,/m/0l14gg,Soundtrack music,1,,,,,,,,,,,,,,,,,,
271,/m/07pkxdp,Lullaby,,,,,,,1,,,,,,,,,,,,
272,/m/01z7dr,Video game music,1,,,,,,,,,,,,,,,,,,
273,/m/0140xf,Christmas music,,,,,,,,,,,,,,1,,1,,,
274,/m/0ggx5q,Dance music,,,,,,,,,,,,,,1,,1,,,
275,/m/04wptg,Wedding music,,,,,,,,,,,,,,,,,,,
276,/t/dd00031,Happy music,,,,,,,,,,,,,,,,,,,
277,/t/dd00032,Funny music,,,,,,,,,,,,,,,,,,,
278,/t/dd00033,Sad music,,,,,,,,,,,,,,,,,,,
279,/t/dd00034,Tender music,,,,,,,,,,,,,,,,,,,
280,/t/dd00035,Exciting music,,,,,,,,,,,,,,,,,,,
281,/t/dd00036,Angry music,,,,,,,,,,,,,,,,,,,
282,/t/dd00037,Scary music,,,,,,,,,,,,,,,,,,,
283,/m/03m9d0z,Wind,,,,,,,,,,,,1,,,1,,1,1,1
284,/m/09t49,Rustling leaves,,,,,,,,,,,,,,,,,1,1,1
285,/t/dd00092,Wind noise (microphone),,,,,,,,,,,,1,,,1,,1,1,1
286,/m/0jb2l,Thunderstorm,,,,,,,,,,,,,,,,,,,
287,/m/0ngt1,Thunder,,,,,,,,,,,,,,,,,,,
288,/m/0838f,Water,,,,,,1,,,,,,1,,,1,,1,1,1
289,/m/06mb1,Rain,,,,,,1,,,,,,,,,1,,,,
290,/m/07r10fb,Raindrop,,,,,,1,,,,,,,,,1,,,,
291,/t/dd00038,Rain on surface,,,,,,1,,,,,,,,,,,,,
292,/m/0j6m2,Stream,,,,,1,,,,,,,,,,,,,1,1
293,/m/0j2kx,Waterfall,,,,,1,,,,,,,,,,,,,1,
294,/m/05kq4,Ocean,,,,,,,,,,,,1,,,,,,,
295,/m/034srq,"Waves, surf",,,,,,,,,,,,1,,,,,,,
296,/m/06wzb,Steam,,,,,1,,,,1,,,,,,,,,,
297,/m/07swgks,Gurgling,,,,,,1,,,,,,,,,,,,,
298,/m/02_41,Fire,,,,,,,,,,,,,,,,,,,
299,/m/07pzfmf,Crackle,,,,,,,,,,,,,,,,,,,
300,/m/07yv9,Vehicle,,,,,,,,,1,1,1,1,,1,,,,,
301,/m/019jd,"Boat, Water vehicle",,,,,,,,,,,,1,,,,,,,
302,/m/0hsrw,"Sailboat, sailing ship",,,,,,,,,,,,1,,,,,,,
303,/m/056ks2,"Rowboat, canoe, kayak",,,,,,,,,,,,1,,,,,,,
304,/m/02rlv9,"Motorboat, speedboat",,,,,,,,,,,,1,,,,,,,
305,/m/06q74,Ship,,,,,,,,,,,,1,,,,,,,
306,/m/012f08,Motor vehicle (road),,,,,,,,,,1,,,,1,1,,,,
307,/m/0k4j,Car,,,,,,,,,,,,,,1,1,,,,
308,/m/0912c9,"Vehicle horn, car horn, honking",,,,,,,,,,,,,,1,1,,,,
309,/m/07qv_d5,Toot,,,,,,,,,,,,,,1,1,,,,
310,/m/02mfyn,Car alarm,,,,,,,,,,,,,,1,1,,,,
311,/m/04gxbd,"Power windows, electric windows",,,,,,,,,,,,,,1,,,,,
312,/m/07rknqz,Skidding,,,,,,,,,,,,,,1,,,,,
313,/m/0h9mv,Tire squeal,,,,,,,,,,,,,,1,,,,,
314,/t/dd00134,Car passing by,,,,,,,,,,1,,,,1,1,,,,
315,/m/0ltv,"Race car, auto racing",,,,,,,,,,,,,,1,1,,,,
316,/m/07r04,Truck,,,,,,,,,,1,,,,1,1,,,,
317,/m/0gvgw0,Air brake,,,,,,,,,,1,,,,1,1,,,,
318,/m/05x_td,"Air horn, truck horn",,,,,,,,,,1,,,,1,1,,,,
319,/m/02rhddq,Reversing beeps,,,,,,,,,,1,,,,1,1,,,,
320,/m/03cl9h,"Ice cream truck, ice cream van",,,,,,,,,,1,,,,1,1,,,,
321,/m/01bjv,Bus,,,,,,,,,,1,,,,1,1,,,,
322,/m/03j1ly,Emergency vehicle,,,,,,,,,,1,,,,1,1,,,,
323,/m/04qvtq,Police car (siren),,,,,,,,,,1,,,,1,1,,,,
324,/m/012n7d,Ambulance (siren),,,,,,,,,,1,,,,1,1,,,,
325,/m/012ndj,"Fire engine, fire truck (siren)",,,,,,,,,,1,,,,1,,,,,
326,/m/04_sv,Motorcycle,,,,,,,,,,1,,,,1,1,,,,
327,/m/0btp2,"Traffic noise, roadway noise",,,,,,,,,0,0,,,,1,1,,,,
328,/m/06d_3,Rail transport,,,,,,,,,1,1,,,,,,,,,
329,/m/07jdr,Train,,,,,,,,,1,0,,,,,,,,,
330,/m/04zmvq,Train whistle,,,,,,,,,1,0,,,,,,,,,
331,/m/0284vy3,Train horn,,,,,,,,,1,1,,,,,,,,,
332,/m/01g50p,"Railroad car, train wagon",,,,,,,,,1,1,,,,,,,,,
333,/t/dd00048,Train wheels squealing,,,,,,,,,1,1,,,,,,,,,
334,/m/0195fx,"Subway, metro, underground",,,,,,,,,,1,,,,,,,,,
335,/m/0k5j,Aircraft,,,,,,,,,,,1,,,,,,,,
336,/m/014yck,Aircraft engine,,,,,,,,,,,1,,,,,,,,
337,/m/04229,Jet engine,,,,,,,,,,,1,,,,,,,,
338,/m/02l6bg,"Propeller, airscrew",,,,,,,,,,,1,,,,,,,,
339,/m/09ct_,Helicopter,,,,,,,,,,,1,,,,,,,,
340,/m/0cmf2,"Fixed-wing aircraft, airplane",,,,,,,,,,,1,,,,,,,,
341,/m/0199g,Bicycle,,,,,,,,,,,,,,,1,,,,1
342,/m/06_fw,Skateboard,,,,,,,,,,,,,,,,,,,1
343,/m/02mk9,Engine,,,,,,,,,1,1,,1,,1,1,,,,
344,/t/dd00065,Light engine (high frequency),,,,1,,,,,0,1,,1,,1,1,,,,
345,/m/08j51y,"Dental drill, dentist's drill",,,,,,,,,,,,,,,,,,,
346,/m/01yg9g,Lawn mower,,,,,,,,,,,,,,,,,1,,1
347,/m/01j4z9,Chainsaw,,,,,,,,,,,,,,,,,,1,1
348,/t/dd00066,Medium engine (mid frequency),,,,,,,,,1,1,,1,,1,1,,,,
349,/t/dd00067,Heavy engine (low frequency),,,,,,,,,1,1,,1,,,,,,,
350,/m/01h82_,Engine knocking,,,,,,,,,1,1,,1,,1,,,,,
351,/t/dd00130,Engine starting,,,,,,,,,1,0,,1,,1,,,,,
352,/m/07pb8fc,Idling,,,,,,,,,1,1,,1,,1,1,,,,
353,/m/07q2z82,"Accelerating, revving, vroom",,,,,,,,,1,1,,1,,1,1,,,,
354,/m/02dgv,Door,1,1,1,1,1,1,1,1,,,,,,,,,,,
355,/m/03wwcy,Doorbell,1,,,,1,1,1,,,,,,,,,,,,
356,/m/07r67yg,Ding-dong,1,,,,1,1,1,,,,,,,,,,,,
357,/m/02y_763,Sliding door,1,1,,,,,,,,,,,,,,,,,
358,/m/07rjzl8,Slam,,,,,,,,,,,,,,,,,,,
359,/m/07r4wb8,Knock,,,,,,,,,,,,,,,,,,,
360,/m/07qcpgn,Tap,,,,,,,,,,,,,,,,,,,
361,/m/07q6cd_,Squeak,,,,,,,,,,,,,,,,,,,
362,/m/0642b4,Cupboard open or close,,,,,1,,,,,,,,,,,,,,
363,/m/0fqfqc,Drawer open or close,,,,,1,,,,,,,,,,,,,,
364,/m/04brg2,"Dishes, pots, and pans",,,,,1,,,,,,,,,,,,,,
365,/m/023pjk,"Cutlery, silverware",,,,,1,,,,,,,,,,,,,,
366,/m/07pn_8q,Chopping (food),,,,,1,,,,,,,,,,,,,,
367,/m/0dxrf,Frying (food),,,,,1,,,,,,,,,,,,,,
368,/m/0fx9l,Microwave oven,,,,,1,,,,,,,,,,,,,,
369,/m/02pjr4,Blender,,,,,1,,,,,,,,,,,,,,
370,/m/02jz0l,"Water tap, faucet",,,,,1,1,,,,,,,,,,,,,
371,/m/0130jx,Sink (filling or washing),,,,,1,1,,,,,,,,,,,,,
372,/m/03dnzn,Bathtub (filling or washing),,,,,,1,,,,,,,,,,,,,
373,/m/03wvsk,Hair dryer,,,,,,1,,,,,,,,,,,,,
374,/m/01jt3m,Toilet flush,,,,,,1,,,,,,,,,,,,,
375,/m/012xff,Toothbrush,,,,,,1,,,,,,,,,,,,,
376,/m/04fgwm,Electric toothbrush,,,,,,1,,,,,,,,,,,,,
377,/m/0d31p,Vacuum cleaner,1,,,,,,,,,,,,,,,,,,
378,/m/01s0vc,Zipper (clothing),,,,,,,,,,,,,,,,,,,
379,/m/03v3yw,Keys jangling,,,,,,,,,,,,,,,,,,,
380,/m/0242l,Coin (dropping),,,,,,,,,,,,,,,,,,,
381,/m/01lsmm,Scissors,,,,,,0,,,,,,,,,,,,,
382,/m/02g901,"Electric shaver, electric razor",,,,,,1,,,,,,,,,,,,,
383,/m/05rj2,Shuffling cards,1,,,,,,,,,,,,,,,,,,
384,/m/0316dw,Typing,,1,1,,,,,,,,,,,,,,,,
385,/m/0c2wf,Typewriter,,1,1,,,,,,,,,,,,,,,,
386,/m/01m2v,Computer keyboard,,1,,,,,,,,,,,,,,,,,
387,/m/081rb,Writing,,1,1,,,,,,,,,,,,,,,,
388,/m/07pp_mv,Alarm,,1,,,,,,,,,,,,,,,,,
389,/m/07cx4,Telephone,,1,,,,,,,,,,,,,,,,,
390,/m/07pp8cl,Telephone bell ringing,,1,,,,,,,,,,,,,,,,,
391,/m/01hnzm,Ringtone,,1,,,,,,,,,,,,,,,,,
392,/m/02c8p,"Telephone dialing, DTMF",,1,,,,,,,,,,,,,,,,,
393,/m/015jpf,Dial tone,,1,,,,,,,,,,,,,,,,,
394,/m/01z47d,Busy signal,,1,,,,,,,,,,,,,,,,,
395,/m/046dlr,Alarm clock,,1,,,,,,,,,,,,,,,,,
396,/m/03kmc9,Siren,,0,,,,,,,,,,,,,,,,,
397,/m/0dgbq,Civil defense siren,,,,,,,,,,,,,,,,,,,
398,/m/030rvx,Buzzer,,,,,,,,,,,,,,,,,,,
399,/m/01y3hg,"Smoke detector, smoke alarm",1,1,1,,1,1,1,,,,,,,,,,,,
400,/m/0c3f7m,Fire alarm,1,1,1,,1,1,1,,,,,,,,,,,,
401,/m/04fq5q,Foghorn,,,,,,,,,,,,1,,,,,,,
402,/m/0l156k,Whistle,,,,,,,,,,,,,,,,,,,
403,/m/06hck5,Steam whistle,,,,,,,,,1,,,,,,,,,,
404,/t/dd00077,Mechanisms,,,,,,,,,,,,,,,,,,,
405,/m/02bm9n,"Ratchet, pawl",,,,1,,,,,,,,,,,,,,,
406,/m/01x3z,Clock,,,,,,,,,,,,,,,,,,,
407,/m/07qjznt,Tick,,,,,,,,,,,,,,,,,,,
408,/m/07qjznl,Tick-tock,,,,,,,,,,,,,,,,,,,
409,/m/0l7xg,Gears,,,,1,,,,,1,,,,,,,,,,
410,/m/05zc1,Pulleys,,,,1,,,,,,,,,,,,,,,
411,/m/0llzx,Sewing machine,,,,1,,,,,,,,,,,,,,,
412,/m/02x984l,Mechanical fan,,,,1,,,,,,,1,,,,,,,,
413,/m/025wky1,Air conditioning,1,1,1,1,1,1,1,1,1,1,,,,,,,,,
414,/m/024dl,Cash register,,,,,,,,,,,,,,,,,,,
415,/m/01m4t,Printer,,1,,,,,,,,,,,,,,,,,
416,/m/0dv5r,Camera,,,,,,,,,,,,,,,,,,,
417,/m/07bjf,Single-lens reflex camera,,,,,,,,,,,,,,,,,,,
418,/m/07k1x,Tools,,,,1,,,,,,,,,,,,,,,
419,/m/03l9g,Hammer,,,,1,,,,,,,,,,,,,,,
420,/m/03p19w,Jackhammer,,,,1,,,,,,,,,,,,,,,
421,/m/01b82r,Sawing,,,,1,,,,,,,,,,,,,,,
422,/m/02p01q,Filing (rasp),,,,1,,,,,,,,,,,,,,,
423,/m/023vsd,Sanding,,,,1,,,,,,,,,,,,,,,
424,/m/0_ksk,Power tool,,,,1,,,,,,,,,,,,,,,
425,/m/01d380,Drill,,,,1,,,,,,,,,,,,,,,
426,/m/014zdl,Explosion,,,,,,,,,,,,,,,,,,,
427,/m/032s66,"Gunshot, gunfire",,,,,,,,,,,,,,,,,,,
428,/m/04zjc,Machine gun,,,,,,,,,,,,,,,,,,,
429,/m/02z32qm,Fusillade,,,,,,,,,,,,,,,,,,,
430,/m/0_1c,Artillery fire,,,,,,,,,,,,,,,,,,,
431,/m/073cg4,Cap gun,,,,,,,,,,,,,,,,,,,
432,/m/0g6b5,Fireworks,,,,,,,,,,,,,,,,,,,
433,/g/122z_qxw,Firecracker,,,,,,,,,,,,,,,,,,,
434,/m/07qsvvw,"Burst, pop",,,,,,,,,,,,,,,,,,,
435,/m/07pxg6y,Eruption,,,,,,,,,,,,,,,,,,,
436,/m/07qqyl4,Boom,,,,,,,,,,,,,,,,,,,
437,/m/083vt,Wood,,,,1,,,,,,,,,,,,,,1,1
438,/m/07pczhz,Chop,,,,1,,,,,,,,,,,,,,1,1
439,/m/07pl1bw,Splinter,,,,1,,,,,,,,,,,,,,1,1
440,/m/07qs1cx,Crack,,,,,1,,,,,,,,,,,,,,
441,/m/039jq,Glass,,,,,1,,,,,,,,,,,,,,
442,/m/07q7njn,"Chink, clink",,,,,1,,,,,,,,,,,,,,
443,/m/07rn7sz,Shatter,,,,,1,,,,,,,,,,,,,,
444,/m/04k94,Liquid,,,,,1,1,,,,,,1,,,,,,,
445,/m/07rrlb6,"Splash, splatter",,,,,1,1,,,,,,1,,,,,,,
446,/m/07p6mqd,Slosh,,,,,1,1,,,,,,1,,,,,,,
447,/m/07qlwh6,Squish,,,,,1,1,,,,,,,,,,,,,
448,/m/07r5v4s,Drip,,,,,1,1,,,,,,,,,,,,,
449,/m/07prgkl,Pour,,,,,1,1,,,,,,,,,,,,,
450,/m/07pqc89,"Trickle, dribble",,,,,1,1,,,,,,,,,,,,,
451,/t/dd00088,Gush,,,,,1,1,,,,,,,,,,,,,
452,/m/07p7b8y,Fill (with liquid),,,,,1,1,,,,,,1,,,,,,,
453,/m/07qlf79,Spray,,,,,1,,,,,,,1,,,,,,,
454,/m/07ptzwd,Pump (liquid),,,,,,,,,,,,1,,,,,,,
455,/m/07ptfmf,Stir,,,,,1,,,,,,,,,,,,,,
456,/m/0dv3j,Boiling,,,,,1,,,,,,,,,,,,,,
457,/m/0790c,Sonar,,,,,,,,,,,,1,,,,,,,
458,/m/0dl83,Arrow,,,,,,,,,,,,,,,,,,,
459,/m/07rqsjt,"Whoosh, swoosh, swish",,,,,,,,,,,,,,,,,,,
460,/m/07qnq_y,"Thump, thud",,,,,,,,,,,,,,,,,,,
461,/m/07rrh0c,Thunk,,,,,,,,,,,,,,,,,,,
462,/m/0b_fwt,Electronic tuner,,,,,,,,,,,,,,,,,,,
463,/m/02rr_,Effects unit,,,,,,,,,,,,,,,,,,,
464,/m/07m2kt,Chorus effect,,,,,,,,,,,,,,,,,,,
465,/m/018w8,Basketball bounce,,,,,,,,,,,,,,,,,,,1
466,/m/07pws3f,Bang,,,,,,,,,,,,,,,,,,,
467,/m/07ryjzk,"Slap, smack",,,,,,,,,,,,,,,,,,,
468,/m/07rdhzs,"Whack, thwack",,,,,,,,,,,,,,,,,,,
469,/m/07pjjrj,"Smash, crash",,,,,,,,,,,,,,,,,,,
470,/m/07pc8lb,Breaking,,,,,,,,,,,,,,,,,,,
471,/m/07pqn27,Bouncing,,,,,,,,,,,,,,,,,,,
472,/m/07rbp7_,Whip,,,,,,,,,,,,,,,,,,,
473,/m/07pyf11,Flap,,,,,,,,,,,,,,,,,,,
474,/m/07qb_dv,Scratch,,,,,,,,,,,,,,,,,,,
475,/m/07qv4k0,Scrape,,,,,,,,,,,,,,,,,,,
476,/m/07pdjhy,Rub,,,,,,,,,,,,,,,,,,,
477,/m/07s8j8t,Roll,,,,,,,,,,,,,,,,,,,
478,/m/07plct2,Crushing,,,,,,,,,,,,,,,,,,,
479,/t/dd00112,"Crumpling, crinkling",,,,,,,,,,,,,,,,,,,
480,/m/07qcx4z,Tearing,,,,,,,,,,,,,,,,,,,
481,/m/02fs_r,"Beep, bleep",,,,,,,,,,,,,,,,,,,
482,/m/07qwdck,Ping,,,,,,,,,,,,,,,,,,,
483,/m/07phxs1,Ding,,,,,,,,,,,,,,,,,,,
484,/m/07rv4dm,Clang,,,,,,,,,,,,,,,,,,,
485,/m/07s02z0,Squeal,,,,,,,,,,,,,,,,,,,
486,/m/07qh7jl,Creak,,,,,,,,,,,,,,,,,,,
487,/m/07qwyj0,Rustle,,,,,,,,,,,,,,,,,,,
488,/m/07s34ls,Whir,,,,,,,,,,,,,,,,,,,
489,/m/07qmpdm,Clatter,,,,,,,,,,,,,,,,,,,
490,/m/07p9k1k,Sizzle,,,,,1,,,,,,,,,,,,,,
491,/m/07qc9xj,Clicking,,,,,,,,,,,,,,,,,,,
492,/m/07rwm0c,Clickety-clack,,,,,,,,,,,,,,,,,,,
493,/m/07phhsh,Rumble,,,,,,,,,,,,,,,,,,,
494,/m/07qyrcz,Plop,,,,,,,,,,,,,,,,,,,
495,/m/07qfgpx,"Jingle, tinkle",,,,,,,,,,,,,,,,,,,
496,/m/07rcgpl,Hum,,,,,,,,,,,,,,,,,,,
497,/m/07p78v5,Zing,,,,,,,,,,,,,,,,,,,
498,/t/dd00121,Boing,,,,,,,,,,,,,,,,,,,
499,/m/07s12q4,Crunch,,,,,,,,,,,,,,,,,,,
500,/m/028v0c,Silence,,,,,,,,,,,,,,,,,,,
501,/m/01v_m0,Sine wave,,,,,,,,,,,,,,,,,,,
502,/m/0b9m1,Harmonic,,,,,,,,,,,,,,,,,,,
503,/m/0hdsk,Chirp tone,,,,,,,,,,,,,,,,,,,
504,/m/0c1dj,Sound effect,,,,,,,,,,,,,,,,,,,
505,/m/07pt_g0,Pulse,,,,,,,,,,,,,,,,,,,
506,/t/dd00125,"Inside, small room",1,,,,1,1,1,,,,,,,,,,,,
507,/t/dd00126,"Inside, large room or hall",,1,1,,,,,,1,,1,,1,,,,,,
508,/t/dd00127,"Inside, public space",,,,,,,,,1,,1,,1,,,1,,,
509,/t/dd00128,"Outside, urban or manmade",,,,,,,,,,,,,,,1,,1,,1
510,/t/dd00129,"Outside, rural or natural",,,,,,,,,,,,,,,1,,1,1,1
511,/m/01b9nn,Reverberation,,,,,,,,,,,,,,,,,,,
512,/m/01jnbd,Echo,,,,,,,,,,,,,,,,,,,
513,/m/096m7z,,,,,,,,,,,,,,,,,,,,
514,/m/06_y0by,Environmental noise,,,,,,,,,1,,,,,,,1,1,1,1
515,/m/07rgkc5,Static,1,,,,,,,,,,,,,,,,,,
516,/m/06xkwv,Mains hum,,,,,,,,,,,,,,,,,,,
517,/m/0g12c5,Distortion,,,,,,,,,,,,,,,,,,,
518,/m/08p9q4,Sidetone,,,,,,,,,,,,,,,,,,,
519,/m/07szfh9,Cacophony,,,,,,,,,,,,,,,,,,,
520,/m/0chx_,White noise,,,,,,,,,,,,,,,,,,,
521,/m/0cj0r,Pink noise,,,,,,,,,,,,,,,,,,,
522,/m/07p_0gm,Throbbing,,,,,,,,,,,,,,,,,,,
523,/m/01jwx6,Vibration,,,,,,,,,,,,,,,,,,,
524,/m/07c52,Television,1,,,,,,,,,,,,,,,,,,
525,/m/06bz3,Radio,1,,,,,,,,,,,,,1,,,,,
526,/m/07hvw1,Field recording,,,,,,,,,,,,,,,,,,,